lr,optim,scheduler,seed
0.00032628211902969827,adamw,none,209652396
0.00032628211902969827,adamw,warmup,209652396
0.00032628211902969827,adamw,warmup_decay_cos,209652396
